FacilityID,QInscfs
L02-166-2 (L02P25),0.0395
L03-708-9,0.048709514999999995
DP06-12106-1,0.44591249999999993
K01-12155-5,0.05757118499999999
J01-9066-2 (J01P03),0.028666666666666667
L01-766-8,0
L01-727-3,0
L01-340-1,0.017110069999999998
DP01-12022-2,0
I01-11077-1,0
J07-9022-6,0
L01-733-4,0
L03-455-3 (L03P37),0
L03-693-1 (L03P11),0.03325967333333334
SC09-081-2d,0.058092664999999995
M02-052-3,0.01993341
K01-12032-2 (K01P11),0.1344035475
L01-517-2,0
J07-9110-2,0.043125
J01-9992-1 (J01P27),0.032812596666666666
SC11-130-2,0
I01-11015-3,0.0037532549999999996
I01-11059-3,0
L01-618-5 (L01S09),0.6831641699999998
M01-042-1 (M01S01),0.0021198700000000003
J01-9082-2,0.06505059666666665
L01-726-6,0
L01-218-4,0.025376734999999997
J01-9275-1,0
J07-9109-4 (J07P02),0.043604076
L03-708-11 (L03P05),0.08651596333333332
M02-061-5,0
L01-404-1,0.0435
M01-168-2d (M00P03),0
L01-517-1,0
L05-489-3,0.34450000000000003
I01-11059-1,0
J01-9046-3,0.01656
M02-061-4 (SCBS@M02),0.018287069999999996
K01-12058-2 (K01P09),0.073585686
J01-9005-1 (J03P05),0.028750229999999998
J03-9216-2,1.1781724699999998
SC11-035-3d,0
DP04-12015-1,0.008
I01-11077-2,0
L02-198-1 (L02P29),0.011355329999999999
L01-727-2,0
L03-662-1,0.006
M01-124-2,0.00458229
L03-240-1 (L03P14),0.014
J03-9221-1 (J03P02),0.19765333333333332
L05-049-1,0.11353333333333333
L01-726-3,0
I01-11023-3,0
L02-374-2 (MVL02P20),0
J01-9082-4,0.017333333333333333
L02-166-3 (L02P26),0.055444393333333335
L02-344-1,0
L03-316-3 (L03P12),0.294253685
L05-489-3d,0.7052765999999999
M01-038-6,0.001
L01-748-1,0
L02-622-1 (L02P28),0
L01-733-7,0.011654789999999998
I01-11093-1,0
L01-728-2,0.0035893799999999997
L03-691-1 (L03P09),0.0833381
L03-662-3 (L03P16),0.055
J05-9271-6,0
SC03-067-1,0
L04-266-5,0.27162643499999994
L01-733-5,0
L05-489-7,0.031
L01-728-7 (L01S03),0.05157749999999999
I01-11343-2 (I02P18),0.0025
L01-728-6,0
SC12-068-2,0
M01-047-1,0.19469999999999998
L04-672-1,0.11614316999999999
L04-702-4,0
L02-641-2,0.07033333333333333
SC10-075-3 (M00S01),0.012
L01-223-1 (L08TBN1),0.0175
L01-517-7,0
L04-266-1,0.0015524999999999998
J01-9785-1,0.002
L03-241-3,0.134256
SC12-068-4,0
J01-9275-2,0.007451999999999999
J03-9234-8,0.32714038500000003
L01-724-1 (L01S01),0.113951085
I01-11059-2,0
L05-489-4,0.32522322
L01-726-9,0
L01-726-8,0
LC03-11515-1,0.01741836
J01-9008-1 (J01P30),0.0295
I01-11195-2,0.21853749999999997
J01-9264-1 (J01P06),0.034
J01-9033-1,0.0075
SC01-077-1,0.05519999999999999
L02-541-2,0
L03-418-1,0.008696104999999999
L03-708-5,0
K01-12138-1 (K01TBN1),0.14465504999999998
L03-455-2,0
J01-9040-1,0.042693749999999996
M01-060-3,0.414446135
L02-641-1,0.0075
J03-9234-6,0.1147496
J06-10011-1 (J06P01),0.31462895999999996
J01-9224-2 (J01P25),0.049199451666666665
SC11-026-1 (M00P01),0.141325455
J01-9046-1,0.00132135
LC02-11508-3,0
L01-727-1 (L01S04),0.46234829999999993
L01-303-5,0.03423711
L05-049-2,0.18362900999999998
K01-12036-5,0.06816095999999999
K01-12156-6,0.8516573399999999
L01-601-1,0
L01-766-2 (L01S06),0.14055575999999997
L03-074-2,0.005146365
L03-214-2 (L03P18),0.44837974333333336
L01-613-1,0.00423384
K01-12159-2,0.09
M02-085-1 (M02P06),0.05298186
L02-571-1,0
J01-9007-1 (J02P05),0.009666666666666667
L04-136-1 (L04P07),0.106
J01-9144-1 (J01P23),0.003
L02-541-7,0
L02-622-2 (L02P32),0.035
L02-374-1 (L02P50),0.09232750857142857
L01-125-1,1.7249999999999999
J01-9144-4 (J01P26),0
M00.2-066-1 (M00S07),0.009870105
LC05-11017-2,0.0066925
J06-9079-1 (J06P03),0.036333333333333336
L02-396-1,0.01930275
I01-11093-2,0
L01-556-1,0.08181398999999999
M02-061-6,0.006178949999999999
K01-12058-1 (K01P08),0.04487461166666666
K01-12126-1 (K01S01),0.1605
L03-074-1 (L03B01),0.025
K01-12036-1,0.015816869999999997
L01-766-4,0
L03-241-4,0.007
L02-246-1 (L11P01),0.014602108333333332
L04-232-1,0.03644028
J01-9066-1 (J01P04),0.003
L03-708-1,0.018
M02-052-2,0.54855
M01-099-1,0.0026282099999999997
I01-11023-4,0
LC06-11019-1,0.001
L03-418-8,0.166735
L02-204-1 (L02P45),0.002
L01-731-1 (L08TBN2),0.02777043
J01-9131-1 (J01P28),0.03336666666666666
SC12-068-1,0.12284414999999999
L03-316-2,0.006
L03-455-6,0
M02-052-4,0.00919977
LC01-11446-1,5.865e-4
J01-9377-1,8.100599999999999e-4
J01-10017-1 (J01TBN4),0.012066743333333333
SC06-146-2 (M00P02),0.029006219999999996
LC02-11508-2,0.019826115
L02-502-5,0.002
J07-9109-1,0
I01-11023-5,0
L01-218-2,0.0044776
L01-766-3,0.001
L02-366-1 (MVL02P14),0.007
I01-11065-1,0
LC06-11509-2,0.092214335
L01-766-5,0
K01-12156-4,2.6726936099999996
L01-760-1,0.023685664999999995
J01-9046-2,5e-4
L01-760-2,0.06021837
J01-10004-1 (J01P01),0.1282615825
L01-726-5,0.014
M02-032-1,0.20817184999999996
L01-728-3 (L01S02),0.22153519499999996
K01-12036-10,0.06524363999999999
I01-11010-1,0.06275
LC05-11017-1,0
SC07-079-4,0.07510684499999999
L01-728-5 (L01-DP),0.007295779999999999
L03-418-3,0
L03-708-13,0.09127285499999999
K01-12159-3,0.016
L01-404-2,0.024
M02-085-2,0.39559931
J03-9368-2 (J03TBN2),0.02987707
J01-9273-1,0.004
L01-724-4 (L01P03),0.062
L01-726-7,0
I00-11453-1,0
L02-166-1 (L02PXX),0.01
K01-12177-1 (K01P07),0.086
L01-471-1,0.0208173
L01-458-1,0
SC11-035-2d,0
J01-10012-3,0
L05-503-1,0.11106930000000001
I00-11437-1,0.12764999999999999
M01-050-4 (M01@CGV),0.065482035
L03-455-7,0.01019789
J03-9215-3,0.06563211
L01-747-2,0.029396069999999996
L03-316-1,0.0015
J07-9110-3,0.00457286
L03-418-2,8.625e-4
J01-10006-3,0.14185434
SC07-079-5,0.41164778999999996
J07-9022-1,0.0035
L01-517-8,0
L01-261-1,0.0010591499999999998
L03-316-4,0.0035
J01-9224-1 (J01P24),0.023818985714285715
M02-086-1,0
L01-749-3,0.003
J01-9082-3,0
M01-168-1d (M00P03),0
M01-008-1,0
J05-9800-2,0
J03-9216-1 (J03P01),0
J03-9368-1 (J03TBN1),0.01004428
M01-003-2,0
L01-494-1,0.054
L01-514-1,0.003
L01-728-8d,0
I01-11195-1,0
L01-728-9,0
I01-11015-2,0
L01-335-1,0.01278777
M01-002-1,0
SC05-073-1,0
M01-003-1,0
I01-11487-1,0
SC05-073-3,0
L01-414-2,0
SC11-035-1d,0
J01-9377-2 (J01TBN8),0
I01-11023-2,0
