FACILITYID,Jurisdiction,Qcalcs,AVGDISCHARGE,QInscfs,AVGQadj,Q4calcs,QInscf,Qcont4calc2023,Qcont4calcPrior,Qcf2023,Qcfp2022,Qboth,Q4calcsall
L01-724-4 (L01P03),SAN JUAN CAPISTRANO,0.07024999999999999,0.135838,0.062,0.09372821999999999,0.062,5356.799999999999,NA,NA,NA,NA,NA,5356.799999999999
M02-052-2,SAN CLEMENTE,0.73,0.686261,0.54855,0.47352008999999995,0.54855,47394.719999999994,NA,0.49208665074309976,NA,42516.28662420382,44955.50331210191,44955.50331210191
J03-9234-8,LAGUNA NIGUEL,0.079,0.344732,0.32714038500000003,0.23786507999999998,0.32714038500000003,28264.929264000002,NA,NA,NA,NA,NA,28264.929264000002
L01-727-1 (L01S04),DANA POINT,NA,0.129248,0.46234829999999993,0.08918111999999999,0.46234829999999993,39946.89311999999,NA,0.04569022588628972,NA,3947.6355165754326,21947.264318287715,21947.264318287715
L01-747-2,SAN JUAN CAPISTRANO,0.02,0.026835,0.029396069999999996,0.01851615,0.029396069999999996,2539.8204479999995,NA,0.008449599617608104,NA,730.0454069613402,1634.9329274806698,1634.9329274806698
K01-12156-6,LAGUNA NIGUEL,0.39,0.56463699999999994,0.8516573399999999,0.3895995299999999,0.8516573399999999,73583.19417599999,NA,NA,NA,NA,NA,73583.19417599999
L02-246-1 (L11P01),RANCHO SANTA MARGARITA,0.016,0.051586,0.014602108333333332,0.035594339999999995,0.014602108333333332,1261.62216,NA,0.027696428571428573,NA,2392.971428571429,NA,2392.971428571429
L02-246-1 (L11P01),RANCHO SANTA MARGARITA,0.016,0.051586,0.014602108333333332,0.035594339999999995,0.014602108333333332,1261.62216,0.027,NA,2332.7999999999997,NA,NA,2332.7999999999997
SC11-130-2,DANA POINT,0.003,0.013885,0,0.00958065,0,0,NA,NA,NA,NA,NA,0
L03-074-1 (L03B01),MISSION VIEJO,0.022666666666666665,0.197334,0.025,0.13616045999999998,0.025,2160,NA,0.14345459281597223,NA,12394.476819300002,7277.238409650001,7277.238409650001
K01-12159-2,DANA POINT,0.078,0.149132,0.09,0.10290107999999998,0.09,7775.999999999998,NA,NA,NA,NA,NA,7775.999999999998
L03-691-1 (L03P09),MISSION VIEJO,0.097,0.31644,0.0833381,0.21834359999999997,0.0833381,7200.41184,NA,0.19257291666666668,NA,16638.300000000003,11919.355920000002,11919.355920000002
K01-12159-3,DANA POINT,0.0115,0.02149,0.016,0.014828099999999999,0.016,1382.3999999999999,NA,NA,NA,NA,NA,1382.3999999999999
L01-728-7 (L01S03),DANA POINT,0.018,0.147308,0.05157749999999999,0.10164251999999999,0.05157749999999999,4456.295999999999,NA,0.030155486100694445,NA,2605.4339990999997,3530.8649995499995,3530.8649995499995
J01-9785-1,LAKE FOREST,0.002,0.005869,0.002,0.0040496099999999995,0.002,172.79999999999998,NA,NA,NA,NA,NA,172.79999999999998
L01-218-4,RANCHO SANTA MARGARITA,0.007333333333333333,0.026115,0.025376734999999997,0.018019349999999996,0.025376734999999997,2192.549904,NA,NA,NA,NA,NA,2192.549904
L02-641-1,RANCHO SANTA MARGARITA,0.0075,0.050143,0.0075,0.03459867,0.0075,647.9999999999999,NA,NA,NA,NA,NA,647.9999999999999
J06-9079-1 (J06P03),ALISO VIEJO,0.0283,0.140085,0.036333333333333336,0.09665864999999998,0.036333333333333336,3139.2000000000003,0.0275,NA,2376,NA,NA,2376
L04-266-5,MISSION VIEJO,0.143,0.458897,0.27162643499999994,0.31663893,0.27162643499999994,23468.523983999996,NA,0.3085347222222222,NA,26657.399999999998,25062.961991999997,25062.961991999997
J07-9022-1,MISSION VIEJO,0.0035,0.004493,0.0035,0.0031001699999999993,0.0035,302.4,NA,NA,NA,NA,NA,302.4
L01-414-3,ORANGE CO,NA,0.232035,NA,0.16010414999999997,0.16010414999999997,13832.998559999998,NA,NA,NA,NA,NA,13832.998559999998
DP04-12015-1,LAGUNA BEACH,0.008,0.010065,0.008,0.006944849999999999,0.008,691.1999999999999,NA,NA,NA,NA,NA,691.1999999999999
J01-9377-1,LAKE FOREST,0,0.001816,8.100599999999999e-4,0.0012530399999999998,8.100599999999999e-4,69.989184,0.009,NA,777.5999999999999,NA,NA,777.5999999999999
L01-726-5,DANA POINT,0.01075,0.015596,0.014,0.01076124,0.014,1209.6,NA,NA,NA,NA,NA,1209.6
I01-11343-2 (I02P18),LAGUNA WOODS,0.0016666666666666668,0.007131,0.0025,0.00492039,0.0025,216,NA,NA,NA,NA,NA,216
J03-9368-1 (J03TBN1),LAGUNA NIGUEL,0.003,0.005115,0.01004428,0.0035293499999999997,0.01004428,867.825792,0,NA,0,NA,NA,0
L03-455-2,SAN JUAN CAPISTRANO,0.001,0.005791,0,0.00399579,0,0,NA,NA,NA,NA,NA,0
L03-142-1 (L03P24),RANCHO SANTA MARGARITA,0.0015,0.018174,NA,0.012540059999999999,0.0015,129.6,NA,NA,NA,NA,NA,129.6
L02-166-2 (L02P25),RANCHO SANTA MARGARITA,0.048,0.241467,0.0395,0.16661222999999997,0.0395,3412.8,NA,NA,NA,NA,NA,3412.8
L05-489-3d,ORANGE CO,1.115,1.889189,0.7052765999999999,1.3035404099999999,0.7052765999999999,60935.898239999995,NA,NA,NA,NA,NA,60935.898239999995
M01-042-1 (M01S01),SAN CLEMENTE,0.0015,0.013196,0.0021198700000000003,0.009105239999999999,0.0021198700000000003,183.156768,NA,0.09892013888888888,NA,8546.699999999999,4364.928384,4364.928384
L01-458-1,ORANGE CO,0,6.75e-4,0,4.6574999999999996e-4,0,0,NA,NA,NA,NA,NA,0
M01-047-1,SAN CLEMENTE,0.141,0.325881,0.19469999999999998,0.22485788999999998,0.19469999999999998,16822.079999999998,NA,NA,NA,NA,NA,16822.079999999998
L03-418-8,LAGUNA NIGUEL,0.083,0.142936,0.166735,0.09862583999999999,0.166735,14405.903999999999,NA,0.04486474409235848,NA,3876.313889579773,9141.108944789885,9141.108944789885
L03-172-2,MISSION VIEJO,NA,0.013291,NA,0.00917079,0.00917079,792.3562559999999,NA,NA,NA,NA,NA,792.3562559999999
L04-672-1,MISSION VIEJO,0.0902,0.213365,0.11614316999999999,0.14722185,0.11614316999999999,10034.769887999999,NA,NA,NA,NA,NA,10034.769887999999
L05-489-3,ORANGE CO,0.34450000000000003,0.807645,0.34450000000000003,0.5572750499999999,0.34450000000000003,29764.800000000003,NA,0.6159429267048611,NA,53217.4688673,41491.134433650004,41491.134433650004
J01-9144-1 (J01P23),LAGUNA NIGUEL,0.0026666666666666666,0.018688,0.003,0.012894719999999998,0.003,259.2,0.004,NA,345.59999999999997,NA,NA,345.59999999999997
L01-766-7,SAN JUAN CAPISTRANO,NA,8.59e-4,NA,5.927099999999999e-4,5.927099999999999e-4,51.210143999999985,NA,NA,NA,NA,NA,51.210143999999985
L02-622-2 (L02P32),RANCHO SANTA MARGARITA,0.036500000000000005,0.100282,0.035,0.06919457999999999,0.035,3024,NA,0.08014334614430532,NA,6924.38510686798,4974.19255343399,4974.19255343399
L03-316-3 (L03P12),MISSION VIEJO,0.06375,0.2691,0.294253685,0.18567899999999998,0.294253685,25423.518383999995,NA,0.32978081246993285,NA,28493.0621974022,26958.290290701098,26958.290290701098
L02-198-1 (L02P29),RANCHO SANTA MARGARITA,0.001,0.009971,0.011355329999999999,0.00687999,0.011355329999999999,981.1005119999998,NA,NA,NA,NA,NA,981.1005119999998
L01-303-4,ORANGE CO,0.013,0.020775,NA,0.014334749999999999,0.013,1123.1999999999998,NA,NA,NA,NA,NA,1123.1999999999998
J01-9131-1 (J01P28),ALISO VIEJO,0.01225,0.070401,0.03336666666666666,0.04857669,0.03336666666666666,2882.8799999999997,0.015,NA,1295.9999999999998,NA,NA,1295.9999999999998
L03-708-9,LAGUNA NIGUEL,0.005,0.048275,0.048709514999999995,0.03330975,0.048709514999999995,4208.502096,NA,0.04103472222222222,NA,3545.3999999999996,3876.951048,3876.951048
J07-9109-1,MISSION VIEJO,0,0.008731,0,0.006024389999999999,0,0,NA,NA,NA,NA,NA,0
J07-9110-1,MISSION VIEJO,0.001,0.004715,NA,0.0032533499999999995,0.001,86.39999999999999,NA,NA,NA,NA,NA,86.39999999999999
K01-12126-1 (K01S01),DANA POINT,0.122,0.455348,0.1605,0.31419011999999996,0.1605,13867.2,NA,NA,NA,NA,NA,13867.2
L01-724-1 (L01S01),SAN JUAN CAPISTRANO,NA,0.093346,0.113951085,0.06440873999999999,0.113951085,9845.373743999999,NA,0.04072199895845022,NA,3518.380710010099,6681.877227005049,6681.877227005049
K01-12058-1 (K01P08),LAGUNA NIGUEL,0.027,0.166967,0.04487461166666666,0.11520723,0.04487461166666666,3877.166448,0.089,NA,7689.5999999999995,NA,NA,7689.5999999999995
L03-708-11 (L03P05),LAGUNA NIGUEL,0.0332,0.133895,0.08651596333333332,0.09238754999999998,0.08651596333333332,7474.979231999999,NA,0.020666666666666667,NA,1785.6000000000001,4630.289615999999,4630.289615999999
LC06-11019-1,LAGUNA BEACH,0.001,0.028496,0.001,0.019662239999999997,0.001,86.39999999999999,NA,NA,NA,NA,NA,86.39999999999999
L01-404-2,ORANGE CO,0.025500000000000002,0.056201,0.024,0.03877869,0.024,2073.6,NA,NA,NA,NA,NA,2073.6
LC05-11017-2,LAGUNA BEACH,0.002,0.029091,0.0066925,0.020072789999999997,0.0066925,578.232,NA,NA,NA,NA,NA,578.232
M02-032-1,SAN CLEMENTE,NA,0.245958,0.20817184999999996,0.16971102,0.20817184999999996,17986.04784,NA,NA,NA,NA,NA,17986.04784
K01-12036-5,LAGUNA NIGUEL,0.007,0.054304,0.06816095999999999,0.03746976,0.06816095999999999,5889.106943999999,NA,0.06728022225347222,NA,5813.011202699999,5851.059073349999,5851.059073349999
L02-204-1 (L02P45),RANCHO SANTA MARGARITA,0.0036,0.021742,0.002,0.01500198,0.002,172.79999999999998,NA,NA,NA,NA,NA,172.79999999999998
L01-766-3,SAN JUAN CAPISTRANO,0.0035,0.00798,0.001,0.005506199999999999,0.001,86.39999999999999,NA,NA,NA,NA,NA,86.39999999999999
L02-502-5,SAN JUAN CAPISTRANO,0.004,0,0.002,0,0.002,172.79999999999998,NA,NA,NA,NA,NA,172.79999999999998
L05-049-1,ORANGE CO,0.11275,0.996847,0.11353333333333333,0.6878244299999999,0.11353333333333333,9809.28,NA,0.05849384035078685,NA,5053.867806307983,7431.573903153992,7431.573903153992
M01-099-1,SAN CLEMENTE,0.0055,0.028528,0.0026282099999999997,0.019684319999999998,0.0026282099999999997,227.07734399999998,NA,NA,NA,NA,NA,227.07734399999998
M02-052-4,SAN CLEMENTE,0.004333333333333333,0.041791,0.00919977,0.02883579,0.00919977,794.860128,NA,NA,NA,NA,NA,794.860128
L01-760-1,ORANGE CO,0.004,0.019203,0.023685664999999995,0.01325007,0.023685664999999995,2046.4414559999993,NA,0.019652279458333335,NA,1697.9569452,1872.1992005999996,1872.1992005999996
L02-374-1 (L02P50),ORANGE CO,0.06166666666666667,0.197378,0.09232750857142857,0.13619082,0.09232750857142857,7977.096740571429,NA,0.07012847222222222,NA,6059.1,7018.098370285715,7018.098370285715
M01-038-6,SAN CLEMENTE,0.0015,0.013791,0.001,0.00951579,0.001,86.39999999999999,NA,NA,NA,NA,NA,86.39999999999999
L01-218-2,RANCHO SANTA MARGARITA,0.0015,0.020075,0.0044776,0.013851749999999998,0.0044776,386.86464,NA,NA,NA,NA,NA,386.86464
K01-12138-1 (K01TBN1),LAGUNA NIGUEL,0.0025,0.063607,0.14465504999999998,0.04388883,0.14465504999999998,12498.19632,NA,0.003953206753253942,NA,341.55706348114063,6419.87669174057,6419.87669174057
L01-494-1,ORANGE CO,0.038,0.095255,0.054,0.06572595,0.054,4665.5999999999995,NA,NA,NA,NA,NA,4665.5999999999995
L03-455-7,LAGUNA NIGUEL,0.004,0.052896,0.01019789,0.036498239999999994,0.01019789,881.097696,NA,0.02795114971216852,NA,2414.97933513136,1648.03851556568,1648.03851556568
L01-340-1,ORANGE CO,0.016333333333333335,0.051357,0.017110069999999998,0.035436329999999995,0.017110069999999998,1478.310048,NA,0.012154513888888888,NA,1050.15,1264.230024,1264.230024
J01-9046-2,LAKE FOREST,1.25e-4,0.099449,5e-4,0.06861980999999999,5e-4,43.199999999999996,0.002,NA,172.79999999999998,NA,NA,172.79999999999998
J01-10019-1 (J01P33),ALISO VIEJO,0.001142857142857143,0.007265,NA,0.005012849999999999,0.001142857142857143,98.74285714285716,NA,NA,NA,NA,NA,98.74285714285716
L01-335-1,ORANGE CO,0.0025,0.013073,0.01278777,0.00902037,0.01278777,1104.863328,NA,NA,NA,NA,NA,1104.863328
K01-12058-2 (K01P09),LAGUNA NIGUEL,0.0461,0.12576,0.073585686,0.0867744,0.073585686,6357.8032704,NA,NA,NA,NA,NA,6357.8032704
J01-9144-4 (J01P26),ALISO VIEJO,8.571428571428572e-4,0.003827,0,0.0026406299999999997,0,0,NA,NA,NA,NA,NA,0
L01-618-5 (L01S09),SAN JUAN CAPISTRANO,NA,0.180631,0.6831641699999998,0.12463539,0.6831641699999998,59025.38428799999,NA,NA,NA,NA,NA,59025.38428799999
L03-214-2 (L03P18),MISSION VIEJO,0.17025,0.596516,0.44837974333333336,0.41159604,0.44837974333333336,38740.009824,NA,0.4154220571388889,NA,35892.465736800004,37316.2377804,37316.2377804
J07-9109-4 (J07P02),MISSION VIEJO,0.014307692307692308,0.186781,0.043604076,0.12887889,0.043604076,3767.3921664,0.004,NA,345.59999999999997,NA,NA,345.59999999999997
L03-662-1,MISSION VIEJO,0.006,0.022101,0.006,0.015249689999999998,0.006,518.4,NA,NA,NA,NA,NA,518.4
K01-12177-1 (K01P07),LAGUNA NIGUEL,0.0644,0.254271,0.086,0.17544699,0.086,7430.4,NA,0.35064829731423613,NA,30296.012887950004,18863.206443975003,18863.206443975003
M02-052-3,SAN CLEMENTE,0.002,0.100222,0.01993341,0.06915318,0.01993341,1722.246624,NA,0.1455037037037037,NA,12571.519999999999,7146.883311999999,7146.883311999999
J01-9005-3,LAGUNA NIGUEL,0.017875000000000002,0.303774,NA,0.20960405999999998,0.017875000000000002,1544.4,NA,NA,NA,NA,NA,1544.4
J03-9368-2 (J03TBN2),LAGUNA NIGUEL,0.004,0.02678,0.02987707,0.0184782,0.02987707,2581.378848,0,NA,0,NA,NA,0
J03-9234-6,LAGUNA NIGUEL,0.04566666666666667,1.108261,0.1147496,0.7647000899999999,0.1147496,9914.365440000001,0.037,NA,3196.7999999999997,NA,NA,3196.7999999999997
M02-061-4 (SCBS@M02),SAN CLEMENTE,0.002,0.016817,0.018287069999999996,0.011603729999999998,0.018287069999999996,1580.0028479999996,NA,NA,NA,NA,NA,1580.0028479999996
L03-316-1,MISSION VIEJO,0.00825,0.036202,0.0015,0.024979379999999995,0.0015,129.6,NA,NA,NA,NA,NA,129.6
J03-9215-3,LAGUNA NIGUEL,0.0154,0.04731,0.06563211,0.032643899999999997,0.06563211,5670.614304,0.029,NA,2505.6000000000004,NA,NA,2505.6000000000004
L03-316-4,MISSION VIEJO,0.0023333333333333335,0.019996,0.0035,0.013797239999999999,0.0035,302.4,NA,NA,NA,NA,NA,302.4
J01-9082-4,ALISO VIEJO,0.0077,0.023004,0.017333333333333333,0.01587276,0.017333333333333333,1497.6000000000001,0.026,NA,2246.3999999999996,NA,NA,2246.3999999999996
L03-708-13,LAGUNA NIGUEL,0.007,0.056238,0.09127285499999999,0.03880422,0.09127285499999999,7885.974671999999,NA,0.012916666666666667,NA,1116,4500.987336,4500.987336
J01-9008-1 (J01P30),ALISO VIEJO,0.02542857142857143,0.05744,0.0295,0.0396336,0.0295,2548.8,NA,NA,NA,NA,NA,2548.8
J01-9005-1 (J03P05),LAGUNA NIGUEL,0.012714285714285714,0.034405,0.028750229999999998,0.023739449999999995,0.028750229999999998,2484.019872,0.009,NA,777.5999999999999,NA,NA,777.5999999999999
L01-760-2,ORANGE CO,0.0655,0.075871,0.06021837,0.05235098999999999,0.06021837,5202.867168000001,NA,0.022335069444444446,NA,1929.75,3566.3085840000003,3566.3085840000003
J05-9800-2,LAGUNA HILLS,0,0,0,0,0,0,0,NA,0,NA,NA,0
SC09-081-2d,SAN CLEMENTE,0.031,0.075564,0.058092664999999995,0.05213916,0.058092664999999995,5019.2062559999995,NA,NA,NA,NA,NA,5019.2062559999995
L03-241-3,MISSION VIEJO,0.141,0.329327,0.134256,0.22723562999999997,0.134256,11599.718399999998,NA,NA,NA,NA,NA,11599.718399999998
L01-728-5 (L01-DP),DANA POINT,0.0064,0.011925,0.007295779999999999,0.00822825,0.007295779999999999,630.3553919999999,NA,NA,NA,NA,NA,630.3553919999999
J01-9349-1,LAKE FOREST,1.1111111111111112e-4,0.005148,NA,0.0035521199999999998,1.1111111111111112e-4,9.600000000000001,NA,NA,NA,NA,NA,9.600000000000001
L03-316-2,MISSION VIEJO,0.004,0.023061,0.006,0.01591209,0.006,518.4,NA,NA,NA,NA,NA,518.4
L01-749-3,SAN JUAN CAPISTRANO,0.003,0,0.003,0,0.003,259.2,NA,NA,NA,NA,NA,259.2
J01-10004-1 (J01P01),LAKE FOREST,0.053375,0.317684,0.1282615825,0.21920196,0.1282615825,11081.800728,0.044,NA,3801.5999999999995,NA,NA,3801.5999999999995
L02-541-9 (L02P02),SAN JUAN CAPISTRANO,0.004,0.048641,NA,0.033562289999999995,0.004,345.59999999999997,NA,NA,NA,NA,NA,345.59999999999997
L05-489-7,ORANGE CO,0.02575,0.093075,0.031,0.06422175,0.031,2678.3999999999996,NA,0.031299802123205524,NA,2704.3029034449573,2691.3514517224785,2691.3514517224785
I01-11195-2,ALISO VIEJO,0.08,0.325428,0.21853749999999997,0.22454532,0.21853749999999997,18881.64,NA,NA,NA,NA,NA,18881.64
L01-728-3 (L01S02),DANA POINT,0.017,0.426948,0.22153519499999996,0.29459411999999996,0.22153519499999996,19140.640847999995,NA,0.032533325527171295,NA,2810.8793255476,10975.760086773798,10975.760086773798
L02-641-2,RANCHO SANTA MARGARITA,0.058666666666666666,0.339039,0.07033333333333333,0.23393690999999997,0.07033333333333333,6076.799999999999,NA,0.017329861111111112,NA,1497.3000000000002,NA,1497.3000000000002
L02-641-2,RANCHO SANTA MARGARITA,0.058666666666666666,0.339039,0.07033333333333333,0.23393690999999997,0.07033333333333333,6076.799999999999,0.203,NA,17539.2,NA,NA,17539.2
J01-9992-1 (J01P27),ALISO VIEJO,0.018,0.165159,0.032812596666666666,0.11395970999999999,0.032812596666666666,2835.008352,0.002,NA,172.79999999999998,NA,NA,172.79999999999998
LC06-11509-2,LAGUNA BEACH,0.0055,0.045629,0.092214335,0.03148401,0.092214335,7967.318544,NA,NA,NA,NA,NA,7967.318544
I01-11023-2,LAGUNA BEACH,0.002,2.04e-4,0,1.4076e-4,0,0,NA,NA,NA,NA,NA,0
L03-240-1 (L03P14),MISSION VIEJO,0.0185,0.025068,0.014,0.01729692,0.014,1209.6,NA,NA,NA,NA,NA,1209.6
M02-061-6,SAN CLEMENTE,0,0.010425,0.006178949999999999,0.00719325,0.006178949999999999,533.8612799999999,NA,NA,NA,NA,NA,533.8612799999999
J07-9109-2,MISSION VIEJO,NA,0.068072,NA,0.04696967999999999,0.04696967999999999,4058.1803519999994,NA,NA,NA,NA,NA,4058.1803519999994
M02-085-1 (M02P06),SAN CLEMENTE,0.01575,0.069651,0.05298186,0.04805919,0.05298186,4577.632704,NA,0.05750347222222222,NA,4968.299999999999,4772.9663519999995,4772.9663519999995
L02-166-3 (L02P26),RANCHO SANTA MARGARITA,0.0468,0.166774,0.055444393333333335,0.11507405999999999,0.055444393333333335,4790.395584,NA,0.04134722222222222,NA,3572.3999999999996,4181.397792,4181.397792
L01-404-1,ORANGE CO,0.03475,0.0852,0.0435,0.05878799999999999,0.0435,3758.3999999999996,NA,0.025203125,NA,2177.55,2967.975,2967.975
M01-050-4 (M01@CGV),SAN CLEMENTE,0.012,0.062131,0.065482035,0.042870389999999994,0.065482035,5657.647823999999,NA,0.03699420307291667,NA,3196.2991455,4426.973484749999,4426.973484749999
L03-418-1,LAGUNA NIGUEL,0.007333333333333333,0.063426,0.008696104999999999,0.043763939999999994,0.008696104999999999,751.3434719999999,NA,NA,NA,NA,NA,751.3434719999999
L03-693-1 (L03P11),MISSION VIEJO,0.027333333333333334,0.114855,0.03325967333333334,0.07924995,0.03325967333333334,2873.635776,NA,0.018729166666666668,NA,1618.1999999999998,2245.917888,2245.917888
L03-241-4,MISSION VIEJO,0.007333333333333333,0.012278,0.007,0.00847182,0.007,604.8,NA,NA,NA,NA,NA,604.8
I01-11010-1,LAGUNA BEACH,0.0525,0.044262,0.06275,0.03054078,0.06275,5421.6,NA,NA,NA,NA,NA,5421.6
L01-223-1 (L08TBN1),RANCHO SANTA MARGARITA,0.011666666666666667,0.053353,0.0175,0.03681357,0.0175,1512,NA,NA,NA,NA,NA,1512
L01-766-2 (L01S06),SAN JUAN CAPISTRANO,0.015,0.180442,0.14055575999999997,0.12450497999999999,0.14055575999999997,12144.017663999999,NA,0.07058019413541666,NA,6098.128773299999,9121.073218649999,9121.073218649999
SC11-026-1 (M00P01),DANA POINT,0.008,0.092307,0.141325455,0.06369182999999999,0.141325455,12210.519311999999,NA,NA,NA,NA,NA,12210.519311999999
M01-060-3,DANA POINT,0.4,0.766255,0.414446135,0.5287159499999999,0.414446135,35808.146064,NA,NA,NA,NA,NA,35808.146064
M02-085-2,SAN CLEMENTE,0.0295,0.263549,0.39559931,0.18184880999999997,0.39559931,34179.780384,NA,0.22817708333333334,NA,19714.5,26947.140192,26947.140192
K01-12032-2 (K01P11),LAGUNA NIGUEL,0.04,0.095233,0.1344035475,0.06571076999999999,0.1344035475,11612.466504,NA,0.186875,NA,16146,13879.233252,13879.233252
J03-9221-1 (J03P02),LAGUNA NIGUEL,0.0703,0.242793,0.19765333333333332,0.16752717,0.19765333333333332,17077.248,0.178,NA,15379.199999999999,NA,NA,15379.199999999999
L03-662-3 (L03P16),MISSION VIEJO,0.046,0.16059,0.055,0.1108071,0.055,4752,NA,0.041543750000000004,NA,3589.38,4170.6900000000005,4170.6900000000005
J01-9082-3,ALISO VIEJO,0,0.005053,0,0.00348657,0,0,0,NA,0,NA,NA,0
J07-9110-2,MISSION VIEJO,8.888888888888889e-4,0.012035,0.043125,0.00830415,0.043125,3726,0.001,NA,86.39999999999999,NA,NA,86.39999999999999
M01-124-2,SAN CLEMENTE,0.0033333333333333335,0.017809,0.00458229,0.012288209999999997,0.00458229,395.909856,NA,NA,NA,NA,NA,395.909856
L01-125-2,RANCHO SANTA MARGARITA,0.001,0.021,NA,0.01449,0.001,86.39999999999999,NA,NA,NA,NA,NA,86.39999999999999
L01-517-6,ORANGE CO,0.007,0.02934,NA,0.020244599999999998,0.007,604.8,NA,NA,NA,NA,NA,604.8
K01-12155-5,LAGUNA NIGUEL,0.015,0.061386,0.05757118499999999,0.04235634,0.05757118499999999,4974.150383999999,NA,0.012611111111111111,NA,1089.6000000000001,3031.8751919999995,3031.8751919999995
L01-303-5,ORANGE CO,0.006,0.018878,0.03423711,0.013025819999999999,0.03423711,2958.0863040000004,NA,NA,NA,NA,NA,2958.0863040000004
J01-10017-1 (J01TBN4),ALISO VIEJO,0.0021111111111111113,0.016909,0.012066743333333333,0.011667209999999999,0.012066743333333333,1042.566624,NA,NA,NA,NA,NA,1042.566624
L01-766-4,SAN JUAN CAPISTRANO,NA,0.001979,0,0.00136551,0,0,NA,NA,NA,NA,NA,0
J06-10011-1 (J06P01),ALISO VIEJO,0.0042,0.588719,0.31462895999999996,0.40621610999999996,0.31462895999999996,27183.942143999993,NA,NA,NA,NA,NA,27183.942143999993
J01-9007-1 (J02P05),ALISO VIEJO,0.026,0.101998,0.009666666666666667,0.07037862,0.009666666666666667,835.2,0.024,NA,2073.6,NA,NA,2073.6
M00.1-071-3 (M00S04),SAN CLEMENTE,0.008,0.044229,NA,0.030518009999999995,0.008,691.1999999999999,NA,0.014670138888888889,NA,1267.5,979.3499999999999,979.3499999999999
J01-9082-2,ALISO VIEJO,0.022,0.170103,0.06505059666666665,0.11737107,0.06505059666666665,5620.371551999999,0.037,NA,3196.7999999999997,NA,NA,3196.7999999999997
K01-12036-10,LAGUNA NIGUEL,0.001,0.017986,0.06524363999999999,0.012410339999999999,0.06524363999999999,5637.050495999999,NA,0.011220004021657291,NA,969.4083474711899,3303.2294217355943,3303.2294217355943
L01-514-1,ORANGE CO,0.003,0.019417,0.003,0.013397729999999998,0.003,259.2,NA,NA,NA,NA,NA,259.2
J01-9033-1,LAKE FOREST,0.0075,0.007282,0.0075,0.00502458,0.0075,647.9999999999999,NA,NA,NA,NA,NA,647.9999999999999
L02-166-1 (L02PXX),RANCHO SANTA MARGARITA,0.006500000000000001,0.041916,0.01,0.02892204,0.01,864,NA,NA,NA,NA,NA,864
L03-708-1,LAGUNA NIGUEL,0.01925,0.018177,0.018,0.012542129999999999,0.018,1555.1999999999998,NA,NA,NA,NA,NA,1555.1999999999998
J01-9046-1,LAKE FOREST,1.4285714285714287e-4,0.004585,0.00132135,0.0031636499999999996,0.00132135,114.16464000000002,0.002,NA,172.79999999999998,NA,NA,172.79999999999998
J01-9273-1,LAGUNA WOODS,5.714285714285715e-4,0.001426,0.004,9.8394e-4,0.004,345.59999999999997,0,NA,0,NA,NA,0
J07-9110-3,MISSION VIEJO,8.75e-4,0.010083,0.00457286,0.00695727,0.00457286,395.095104,0,NA,0,NA,NA,0
L04-136-1 (L04P07),MISSION VIEJO,0.106,0.228296,0.106,0.15752423999999998,0.106,9158.4,NA,0.6856354166666666,NA,59238.899999999994,34198.649999999994,34198.649999999994
DP01-12022-1,DANA POINT,NA,0.055382,NA,0.03821358,0.03821358,3301.6533119999995,NA,NA,NA,NA,NA,3301.6533119999995
DP01-12022-2,DANA POINT,NA,0,0,0,0,0,NA,NA,NA,NA,NA,0
DP06-12106-1,DANA POINT,NA,0.331812,0.44591249999999993,0.22895027999999998,0.44591249999999993,38526.83999999999,NA,NA,NA,NA,NA,38526.83999999999
I00-11437-1,LAGUNA BEACH,NA,0.126,0.12764999999999999,0.08693999999999999,0.12764999999999999,11028.96,NA,NA,NA,NA,NA,11028.96
I00-11453-1,LAGUNA BEACH,NA,0.013896,0,0.00958824,0,0,NA,NA,NA,NA,NA,0
I00-11468-1,LAGUNA BEACH,NA,0.039855,NA,0.02749995,0.02749995,2375.99568,NA,NA,NA,NA,NA,2375.99568
I00-11518-1,LAGUNA BEACH,NA,0.079534,NA,0.05487845999999999,0.05487845999999999,4741.498943999999,NA,NA,NA,NA,NA,4741.498943999999
I00-11518-2,LAGUNA BEACH,NA,0.0048,NA,0.0033119999999999994,0.0033119999999999994,286.1568,NA,NA,NA,NA,NA,286.1568
I01-11015-2,LAGUNA BEACH,NA,0,0,0,0,0,NA,NA,NA,NA,NA,0
I01-11015-3,LAGUNA BEACH,NA,9.06e-4,0.0037532549999999996,6.251399999999999e-4,0.0037532549999999996,324.28123199999993,NA,NA,NA,NA,NA,324.28123199999993
I01-11023-1,LAGUNA BEACH,NA,0.002155,NA,0.0014869499999999997,0.0014869499999999997,128.47247999999996,NA,NA,NA,NA,NA,128.47247999999996
I01-11023-3,LAGUNA BEACH,NA,0,0,0,0,0,NA,NA,NA,NA,NA,0
I01-11023-4,LAGUNA BEACH,NA,0,0,0,0,0,NA,NA,NA,NA,NA,0
I01-11023-5,LAGUNA BEACH,NA,0,0,0,0,0,NA,NA,NA,NA,NA,0
I01-11059-1,LAGUNA BEACH,NA,0,0,0,0,0,NA,NA,NA,NA,NA,0
I01-11059-2,LAGUNA BEACH,NA,0,0,0,0,0,NA,NA,NA,NA,NA,0
I01-11059-3,LAGUNA BEACH,NA,0,0,0,0,0,NA,NA,NA,NA,NA,0
I01-11065-1,LAGUNA BEACH,NA,0,0,0,0,0,NA,NA,NA,NA,NA,0
I01-11077-1,LAGUNA BEACH,NA,0,0,0,0,0,NA,NA,NA,NA,NA,0
I01-11077-2,LAGUNA BEACH,NA,0,0,0,0,0,NA,NA,NA,NA,NA,0
I01-11093-1,LAGUNA BEACH,NA,0,0,0,0,0,NA,NA,NA,NA,NA,0
I01-11093-2,LAGUNA BEACH,NA,0,0,0,0,0,NA,NA,NA,NA,NA,0
I01-11216-1 (I02P13),ALISO VIEJO,NA,NA,NA,NA,NA,NA,NA,NA,NA,NA,NA,NA
I01-11216-2 (I02P12),ALISO VIEJO,NA,NA,NA,NA,NA,NA,NA,NA,NA,NA,NA,NA
I01-11216-3,ALISO VIEJO,NA,NA,NA,NA,NA,NA,NA,NA,NA,NA,NA,NA
I01-11216-4 (I02P14),ALISO VIEJO,NA,NA,NA,NA,NA,NA,NA,NA,NA,NA,NA,NA
I01-11217-1,ALISO VIEJO,NA,0.001777,NA,0.0012261299999999998,0.0012261299999999998,105.93763199999998,NA,NA,NA,NA,NA,105.93763199999998
I01-11343-1,LAGUNA WOODS,NA,0,NA,0,0,0,NA,NA,NA,NA,NA,0
I01-11487-1,LAGUNA BEACH,NA,0,0,0,0,0,NA,NA,NA,NA,NA,0
I01-11487-2,LAGUNA BEACH,NA,0.008375,NA,0.00577875,0.00577875,499.284,NA,NA,NA,NA,NA,499.284
I01-11502-1,ALISO VIEJO,NA,NA,NA,NA,NA,NA,NA,NA,NA,NA,NA,NA
I01-11503-3,ALISO VIEJO,NA,0,NA,0,0,0,NA,NA,NA,NA,NA,0
I01-11503-5,ALISO VIEJO,NA,NA,NA,NA,NA,NA,NA,NA,NA,NA,NA,NA
J01-10004-2,LAKE FOREST,NA,7.54e-4,NA,5.202599999999999e-4,5.202599999999999e-4,44.950464,NA,NA,NA,NA,NA,44.950464
J01-10006-1,LAKE FOREST,NA,0,NA,0,0,0,NA,NA,NA,NA,NA,0
J01-10012-3,MISSION VIEJO,NA,0,0,0,0,0,NA,NA,NA,NA,NA,0
J01-10041-2 (J03P13),LAGUNA NIGUEL,NA,2.4525,NA,1.6922249999999999,1.6922249999999999,146208.24,NA,NA,NA,NA,NA,146208.24
J01-9031-1,LAKE FOREST,NA,0.037166,NA,0.025644539999999997,0.025644539999999997,2215.688256,NA,NA,NA,NA,NA,2215.688256
J01-9040-1,LAKE FOREST,NA,0.352755,0.042693749999999996,0.24340094999999998,0.042693749999999996,3688.74,NA,NA,NA,NA,NA,3688.74
J01-9046-3,LAKE FOREST,NA,0.004993,0.01656,0.0034451699999999996,0.01656,1430.7839999999999,NA,NA,NA,NA,NA,1430.7839999999999
J01-9066-1 (J01P04),MISSION VIEJO,NA,0.015405,0.003,0.010629449999999999,0.003,259.2,0.005,NA,432,NA,NA,432
J01-9066-2 (J01P03),MISSION VIEJO,NA,0.083379,0.028666666666666667,0.057531509999999994,0.028666666666666667,2476.8,NA,NA,NA,NA,NA,2476.8
J01-9224-1 (J01P24),LAGUNA NIGUEL,NA,0.033535,0.023818985714285715,0.02313915,0.023818985714285715,2057.960365714286,0.008,NA,691.1999999999999,NA,NA,691.1999999999999
J01-9224-2 (J01P25),LAGUNA NIGUEL,NA,0.094586,0.049199451666666665,0.06526434,0.049199451666666665,4250.832624000001,0.081,NA,6998.4000000000005,NA,NA,6998.4000000000005
J01-9259-3,LAKE FOREST,NA,0.00601,NA,0.004146899999999999,0.004146899999999999,358.29215999999997,NA,NA,NA,NA,NA,358.29215999999997
J01-9264-1 (J01P06),LAKE FOREST,NA,0,0.034,0,0.034,2937.6000000000004,NA,NA,NA,NA,NA,2937.6000000000004
J01-9275-1,LAKE FOREST,NA,0.003,0,0.00207,0,0,NA,NA,NA,NA,NA,0
J01-9275-2,LAKE FOREST,NA,0.0018,0.007451999999999999,0.0012419999999999998,0.007451999999999999,643.8527999999999,NA,NA,NA,NA,NA,643.8527999999999
J01-9313-1,ALISO VIEJO,NA,0.05,NA,0.034499999999999996,0.034499999999999996,2980.7999999999997,NA,NA,NA,NA,NA,2980.7999999999997
J01-9364-3 (J01P21),ORANGE CO,NA,3.673333,NA,2.53459977,2.53459977,218989.42012799997,0,NA,0,NA,NA,0
J01-9364-4,ORANGE CO,NA,0,NA,0,0,0,NA,NA,NA,NA,NA,0
J01-9377-2 (J01TBN8),LAKE FOREST,NA,4.2e-5,0,2.8979999999999997e-5,0,0,NA,NA,NA,NA,NA,0
J01-9782-1 (J01TBN3),LAKE FOREST,NA,0.00112,NA,7.727999999999999e-4,7.727999999999999e-4,66.76991999999998,NA,NA,NA,NA,NA,66.76991999999998
J03-9215-1,LAGUNA NIGUEL,NA,NA,NA,NA,NA,NA,NA,NA,NA,NA,NA,NA
J03-9216-1 (J03P01),LAGUNA NIGUEL,NA,0.012897,0,0.00889893,0,0,NA,NA,NA,NA,NA,0
J03-9216-2,LAGUNA NIGUEL,NA,1.560945,1.1781724699999998,1.07705205,1.1781724699999998,101794.10140799999,NA,4.7765301036261905,NA,412692.2009533029,257243.15118065145,257243.15118065145
J03-9216-5,LAGUNA NIGUEL,NA,NA,NA,NA,NA,NA,NA,NA,NA,NA,NA,NA
J03-9234-5,LAGUNA NIGUEL,NA,0.012591,NA,0.008687789999999999,0.008687789999999999,750.6250559999999,NA,NA,NA,NA,NA,750.6250559999999
J04-9249-1,LAGUNA NIGUEL,NA,1.180767,NA,0.8147292299999999,0.8147292299999999,70392.605472,NA,NA,NA,NA,NA,70392.605472
J05-9255-1 (J05P01),LAGUNA HILLS,NA,0,NA,0,0,0,NA,NA,NA,NA,NA,0
J05-9271-6,LAGUNA HILLS,NA,0,0,0,0,0,NA,NA,NA,NA,NA,0
J07-9022-6,MISSION VIEJO,NA,0.001776,0,0.00122544,0,0,NA,NA,NA,NA,NA,0
K01-12036-1,LAGUNA NIGUEL,NA,0.021434,0.015816869999999997,0.01478946,0.015816869999999997,1366.5775679999997,NA,0.10354513888888889,NA,8946.3,5156.438784,5156.438784
K01-12062-1,LAGUNA NIGUEL,NA,0.122807,NA,0.08473683,0.08473683,7321.262112,NA,NA,NA,NA,NA,7321.262112
K01-12155-1,LAGUNA NIGUEL,NA,4.4e-4,NA,3.036e-4,3.036e-4,26.23104,NA,6.597222222222223e-5,NA,5.7,15.96552,15.96552
K01-12156-1,LAGUNA NIGUEL,NA,NA,NA,NA,NA,NA,NA,NA,NA,NA,NA,NA
K01-12156-3,LAGUNA NIGUEL,NA,0,NA,0,0,0,NA,NA,NA,NA,NA,0
L01-125-1,RANCHO SANTA MARGARITA,NA,2.5,1.7249999999999999,1.7249999999999999,1.7249999999999999,149039.99999999997,NA,NA,NA,NA,NA,149039.99999999997
L01-125-3,RANCHO SANTA MARGARITA,NA,0.034201,NA,0.02359869,0.02359869,2038.9268160000001,NA,NA,NA,NA,NA,2038.9268160000001
L01-218-1,RANCHO SANTA MARGARITA,NA,NA,NA,NA,NA,NA,NA,NA,NA,NA,NA,NA
L01-218-3,RANCHO SANTA MARGARITA,NA,NA,NA,NA,NA,NA,NA,NA,NA,NA,NA,NA
L01-242-1 (L07P16),ORANGE CO,NA,NA,NA,NA,NA,NA,NA,0.0032239583333333335,NA,278.55,NA,278.55
L01-261-1,ORANGE CO,NA,0.008361,0.0010591499999999998,0.00576909,0.0010591499999999998,91.51056,NA,NA,NA,NA,NA,91.51056
L01-303-1,ORANGE CO,NA,NA,NA,NA,NA,NA,NA,NA,NA,NA,NA,NA
L01-303-2,ORANGE CO,NA,0.07,NA,0.0483,0.0483,4173.12,NA,NA,NA,NA,NA,4173.12
L01-303-3,ORANGE CO,NA,NA,NA,NA,NA,NA,NA,NA,NA,NA,NA,NA
L01-335-2,ORANGE CO,NA,0,NA,0,0,0,NA,NA,NA,NA,NA,0
L01-372-1,ORANGE CO,NA,0.007224,NA,0.00498456,0.00498456,430.665984,NA,0.01437539914869843,NA,1242.0344864475444,836.3502352237722,836.3502352237722
L01-391-1,ORANGE CO,NA,0,NA,0,0,0,NA,NA,NA,NA,NA,0
L01-391-3,ORANGE CO,NA,0.012479,NA,0.00861051,0.00861051,743.948064,NA,NA,NA,NA,NA,743.948064
L01-399-1,ORANGE CO,NA,0,NA,0,0,0,NA,NA,NA,NA,NA,0
L01-399-2,ORANGE CO,NA,0.001,NA,6.9e-4,6.9e-4,59.616,NA,NA,NA,NA,NA,59.616
L01-414-1,ORANGE CO,NA,NA,NA,NA,NA,NA,NA,NA,NA,NA,NA,NA
L01-414-2,ORANGE CO,NA,0,0,0,0,0,NA,NA,NA,NA,NA,0
L01-471-1,ORANGE CO,NA,0.00661,0.0208173,0.0045609,0.0208173,1798.6147200000003,NA,NA,NA,NA,NA,1798.6147200000003
L01-517-1,SAN JUAN CAPISTRANO,NA,0,0,0,0,0,NA,NA,NA,NA,NA,0
L01-517-2,SAN JUAN CAPISTRANO,NA,0,0,0,0,0,NA,NA,NA,NA,NA,0
L01-517-3,ORANGE CO,NA,0.001664,NA,0.0011481599999999998,0.0011481599999999998,99.201024,NA,NA,NA,NA,NA,99.201024
L01-517-7,ORANGE CO,NA,0.001777,0,0.0012261299999999998,0,0,NA,NA,NA,NA,NA,0
L01-517-8,SAN JUAN CAPISTRANO,NA,0,0,0,0,0,NA,NA,NA,NA,NA,0
L01-556-1,SAN JUAN CAPISTRANO,NA,0.015099,0.08181398999999999,0.010418309999999998,0.08181398999999999,7068.728735999999,NA,NA,NA,NA,NA,7068.728735999999
L01-601-1,SAN JUAN CAPISTRANO,NA,0,0,0,0,0,NA,NA,NA,NA,NA,0
L01-602-2,SAN JUAN CAPISTRANO,NA,NA,NA,NA,NA,NA,NA,NA,NA,NA,NA,NA
L01-613-1,DANA POINT,NA,0.005884,0.00423384,0.00405996,0.00423384,365.80377599999997,NA,NA,NA,NA,NA,365.80377599999997
L01-618-1,SAN JUAN CAPISTRANO,NA,0.081,NA,0.055889999999999995,0.055889999999999995,4828.896,NA,NA,NA,NA,NA,4828.896
L01-618-2,SAN JUAN CAPISTRANO,NA,NA,NA,NA,NA,NA,NA,NA,NA,NA,NA,NA
L01-618-3,SAN JUAN CAPISTRANO,NA,0,NA,0,0,0,NA,NA,NA,NA,NA,0
L01-618-4,SAN JUAN CAPISTRANO,NA,0,NA,0,0,0,NA,NA,NA,NA,NA,0
L01-724-2,SAN JUAN CAPISTRANO,NA,0,NA,0,0,0,NA,NA,NA,NA,NA,0
L01-726-2,DANA POINT,NA,0,NA,0,0,0,NA,NA,NA,NA,NA,0
L01-726-3,DANA POINT,NA,0,0,0,0,0,NA,NA,NA,NA,NA,0
L01-726-6,DANA POINT,NA,0,0,0,0,0,NA,NA,NA,NA,NA,0
L01-726-7,DANA POINT,NA,0,0,0,0,0,NA,NA,NA,NA,NA,0
L01-726-8,SAN JUAN CAPISTRANO,NA,4.8e-4,0,3.312e-4,0,0,NA,NA,NA,NA,NA,0
L01-726-9,SAN JUAN CAPISTRANO,NA,0,0,0,0,0,NA,NA,NA,NA,NA,0
L01-727-2,DANA POINT,NA,0,0,0,0,0,NA,NA,NA,NA,NA,0
L01-727-3,DANA POINT,NA,0.007959,0,0.00549171,0,0,NA,NA,NA,NA,NA,0
L01-728-2,DANA POINT,NA,0.002166,0.0035893799999999997,0.00149454,0.0035893799999999997,310.12243199999995,NA,NA,NA,NA,NA,310.12243199999995
L01-728-4,DANA POINT,NA,0.007,NA,0.00483,0.00483,417.312,NA,NA,NA,NA,NA,417.312
L01-728-6,DANA POINT,NA,0,0,0,0,0,NA,NA,NA,NA,NA,0
L01-728-8d,DANA POINT,NA,0,0,0,0,0,NA,NA,NA,NA,NA,0
L01-728-9,DANA POINT,NA,0,0,0,0,0,NA,NA,NA,NA,NA,0
L01-730-1,RANCHO SANTA MARGARITA,NA,0.023405,NA,0.01614945,0.01614945,1395.31248,NA,NA,NA,NA,NA,1395.31248
L01-731-1 (L08TBN2),RANCHO SANTA MARGARITA,NA,0.314453,0.02777043,0.21697256999999998,0.02777043,2399.365152,NA,NA,NA,NA,NA,2399.365152
L01-733-2,ORANGE CO,NA,0.113928,NA,0.07861032,0.07861032,6791.931648000001,NA,NA,NA,NA,NA,6791.931648000001
L01-733-4,ORANGE CO,NA,0,0,0,0,0,NA,NA,NA,NA,NA,0
L01-733-5,ORANGE CO,NA,0,0,0,0,0,NA,NA,NA,NA,NA,0
L01-733-7,ORANGE CO,NA,0.069986,0.011654789999999998,0.04829034,0.011654789999999998,1006.9738559999998,NA,NA,NA,NA,NA,1006.9738559999998
L01-747-1,SAN JUAN CAPISTRANO,NA,0.045,NA,0.031049999999999998,0.031049999999999998,2682.72,NA,NA,NA,NA,NA,2682.72
L01-748-1,SAN JUAN CAPISTRANO,NA,0,0,0,0,0,NA,NA,NA,NA,NA,0
L01-748-2,SAN JUAN CAPISTRANO,NA,0,NA,0,0,0,NA,NA,NA,NA,NA,0
L01-749-2d,SAN JUAN CAPISTRANO,NA,0.081752,NA,0.05640888,0.05640888,4873.727232,NA,NA,NA,NA,NA,4873.727232
L01-749-5,SAN JUAN CAPISTRANO,NA,0.008383,NA,0.005784269999999999,0.005784269999999999,499.760928,NA,NA,NA,NA,NA,499.760928
L01-766-5,SAN JUAN CAPISTRANO,NA,0,0,0,0,0,NA,NA,NA,NA,NA,0
L01-766-8,SAN JUAN CAPISTRANO,NA,0,0,0,0,0,NA,NA,NA,NA,NA,0
L01-766-9,SAN JUAN CAPISTRANO,NA,0.173904,NA,0.11999375999999999,0.11999375999999999,10367.460863999999,NA,NA,NA,NA,NA,10367.460863999999
L02-344-1,ORANGE CO,NA,0,0,0,0,0,NA,NA,NA,NA,NA,0
L02-344-2,ORANGE CO,NA,0.408144,NA,0.28161936,0.28161936,24331.912704000002,NA,NA,NA,NA,NA,24331.912704000002
L02-359-1 (L02P43),ORANGE CO,NA,0.010162,NA,0.007011779999999999,0.007011779999999999,605.8177919999999,NA,NA,NA,NA,NA,605.8177919999999
L02-366-1 (MVL02P14),MISSION VIEJO,NA,0.039306,0.007,0.02712114,0.007,604.8,NA,NA,NA,NA,NA,604.8
L02-374-2 (MVL02P20),ORANGE CO,NA,0.008624,0,0.00595056,0,0,NA,NA,NA,NA,NA,0
L02-396-1,MISSION VIEJO,NA,0.024038,0.01930275,0.01658622,0.01930275,1667.7576000000001,NA,NA,NA,NA,NA,1667.7576000000001
L02-401-1,ORANGE CO,NA,0,NA,0,0,0,NA,NA,NA,NA,NA,0
L02-401-2 (COL02P55),ORANGE CO,NA,NA,NA,NA,NA,NA,NA,NA,NA,NA,NA,NA
L02-502-1,SAN JUAN CAPISTRANO,NA,0.026428,NA,0.01823532,0.01823532,1575.5316479999997,NA,NA,NA,NA,NA,1575.5316479999997
L02-502-6,SAN JUAN CAPISTRANO,NA,NA,NA,NA,NA,NA,NA,NA,NA,NA,NA,NA
L02-541-2,SAN JUAN CAPISTRANO,NA,0,0,0,0,0,NA,NA,NA,NA,NA,0
L02-541-6,SAN JUAN CAPISTRANO,NA,0.002091,NA,0.0014427899999999998,0.0014427899999999998,124.65705599999998,NA,NA,NA,NA,NA,124.65705599999998
L02-541-7,SAN JUAN CAPISTRANO,NA,0,0,0,0,0,NA,NA,NA,NA,NA,0
L02-571-1,SAN JUAN CAPISTRANO,NA,0,0,0,0,0,NA,NA,NA,NA,NA,0
L02-571-3,SAN JUAN CAPISTRANO,NA,6.07e-4,NA,4.1882999999999997e-4,4.1882999999999997e-4,36.186912,NA,NA,NA,NA,NA,36.186912
L02-571-5 (L02TBN2),SAN JUAN CAPISTRANO,NA,0,NA,0,0,0,NA,NA,NA,NA,NA,0
L02-622-1 (L02P28),RANCHO SANTA MARGARITA,NA,0.014251,0,0.009833189999999999,0,0,NA,NA,NA,NA,NA,0
L02-640-1 (L11P02),RANCHO SANTA MARGARITA,NA,0.163333,NA,0.11269976999999999,0.11269976999999999,9737.260127999998,NA,0.06861458333333334,NA,5928.3,7832.780063999999,7832.780063999999
L03-074-2,MISSION VIEJO,NA,0.016608,0.005146365,0.01145952,0.005146365,444.645936,NA,NA,NA,NA,NA,444.645936
L03-141-1,MISSION VIEJO,NA,0.072246,NA,0.04984974,0.04984974,4307.017535999999,NA,0.020870833333333335,NA,1803.2400000000002,3055.1287679999996,3055.1287679999996
L03-141-2,MISSION VIEJO,NA,0.005866,NA,0.00404754,0.00404754,349.707456,NA,NA,NA,NA,NA,349.707456
L03-141-3,MISSION VIEJO,NA,0.01245,NA,0.0085905,0.0085905,742.2191999999999,NA,NA,NA,NA,NA,742.2191999999999
L03-172-3,MISSION VIEJO,NA,NA,NA,NA,NA,NA,NA,NA,NA,NA,NA,NA
L03-418-2,LAGUNA NIGUEL,NA,0.006795,8.625e-4,0.00468855,8.625e-4,74.52,NA,NA,NA,NA,NA,74.52
L03-418-3,LAGUNA NIGUEL,NA,7.22e-4,0,4.9818e-4,0,0,NA,NA,NA,NA,NA,0
L03-455-3 (L03P37),SAN JUAN CAPISTRANO,NA,0,0,0,0,0,NA,NA,NA,NA,NA,0
L03-455-4,SAN JUAN CAPISTRANO,NA,0,NA,0,0,0,NA,NA,NA,NA,NA,0
L03-455-5,LAGUNA NIGUEL,NA,0.006815,NA,0.004702349999999999,0.004702349999999999,406.2830399999999,NA,0.02460640738023983,NA,2125.9935976527213,1266.1383188263605,1266.1383188263605
L03-455-6,LAGUNA NIGUEL,NA,0,0,0,0,0,NA,NA,NA,NA,NA,0
L03-497-1,SAN JUAN CAPISTRANO,NA,0,NA,0,0,0,NA,NA,NA,NA,NA,0
L03-708-5,LAGUNA NIGUEL,NA,0.006287,0,0.00433803,0,0,NA,NA,NA,NA,NA,0
L04-266-1,MISSION VIEJO,NA,0.00225,0.0015524999999999998,0.0015524999999999998,0.0015524999999999998,134.136,NA,NA,NA,NA,NA,134.136
L04-301-1 (L04P08),MISSION VIEJO,NA,0.034968,NA,0.024127919999999997,0.024127919999999997,2084.652288,NA,NA,NA,NA,NA,2084.652288
L04-702-1 (L04P02),MISSION VIEJO,NA,0.019946,NA,0.013762739999999997,0.013762739999999997,1189.1007359999996,NA,NA,NA,NA,NA,1189.1007359999996
L04-702-4,MISSION VIEJO,NA,0,0,0,0,0,NA,NA,NA,NA,NA,0
L05-049-2,ORANGE CO,NA,0.286313,0.18362900999999998,0.19755596999999997,0.18362900999999998,15865.546464,NA,NA,NA,NA,NA,15865.546464
L05-489-4,ORANGE CO,NA,0.205885,0.32522322,0.14206065,0.32522322,28099.286207999998,NA,NA,NA,NA,NA,28099.286207999998
L05-503-1,SAN JUAN CAPISTRANO,NA,0.083576,0.11106930000000001,0.05766743999999999,0.11106930000000001,9596.38752,NA,NA,NA,NA,NA,9596.38752
LC01-11446-1,LAGUNA BEACH,NA,0.014692,5.865e-4,0.010137479999999999,5.865e-4,50.67359999999999,NA,NA,NA,NA,NA,50.67359999999999
LC01-11480-1,ORANGE CO,NA,NA,NA,NA,NA,NA,NA,NA,NA,NA,NA,NA
LC02-11508-2,LAGUNA BEACH,NA,0.023365,0.019826115,0.01612185,0.019826115,1712.9763360000002,NA,NA,NA,NA,NA,1712.9763360000002
LC02-11508-3,LAGUNA BEACH,NA,0,0,0,0,0,NA,NA,NA,NA,NA,0
LC03-11515-1,LAGUNA BEACH,NA,0.016796,0.01741836,0.011589239999999997,0.01741836,1504.9463039999998,0.028,NA,2419.2,NA,NA,2419.2
LC04-11199-1,LAGUNA BEACH,NA,NA,NA,NA,NA,NA,NA,NA,NA,NA,NA,NA
LC05-11017-1,LAGUNA BEACH,NA,0,0,0,0,0,NA,NA,NA,NA,NA,0
M00.1-070-4,SAN CLEMENTE,NA,0,NA,0,0,0,NA,NA,NA,NA,NA,0
M00.1-070-6,SAN CLEMENTE,NA,0,NA,0,0,0,NA,NA,NA,NA,NA,0
M00.1-071-2 (M00S04),SAN CLEMENTE,NA,0.072122,NA,0.04976418,0.04976418,4299.625152,NA,NA,NA,NA,NA,4299.625152
M00.2-066-1 (M00S07),SAN CLEMENTE,NA,0.014319,0.009870105,0.00988011,0.009870105,852.7770720000001,NA,NA,NA,NA,NA,852.7770720000001
M01-002-1,ORANGE CO,NA,0,0,0,0,0,NA,NA,NA,NA,NA,0
M01-003-1,ORANGE CO,NA,0,0,0,0,0,NA,NA,NA,NA,NA,0
M01-003-2,ORANGE CO,NA,0,0,0,0,0,NA,NA,NA,NA,NA,0
M01-008-1,SAN CLEMENTE,NA,0,0,0,0,0,NA,NA,NA,NA,NA,0
M01-038-3,SAN CLEMENTE,NA,0.005304,NA,0.0036597599999999993,0.0036597599999999993,316.203264,NA,NA,NA,NA,NA,316.203264
M01-050-7,SAN CLEMENTE,NA,4e-6,NA,2.76e-6,2.76e-6,0.23846399999999995,NA,NA,NA,NA,NA,0.23846399999999995
M01-124-4,SAN CLEMENTE,NA,6e-4,NA,4.139999999999999e-4,4.139999999999999e-4,35.7696,NA,NA,NA,NA,NA,35.7696
M01-168-1d (M00P03),DANA POINT,NA,0,0,0,0,0,NA,NA,NA,NA,NA,0
M01-168-2d (M00P03),DANA POINT,NA,NA,0,NA,0,0,NA,NA,NA,NA,NA,0
M02-013-1,SAN CLEMENTE,NA,NA,NA,NA,NA,NA,NA,NA,NA,NA,NA,NA
M02-015-1,SAN CLEMENTE,NA,0.020964,NA,0.01446516,0.01446516,1249.789824,NA,0.011802083333333333,NA,1019.6999999999999,1134.7449119999999,1134.7449119999999
M02-028-2 (M02P08),SAN CLEMENTE,NA,0.040333,NA,0.027829769999999997,0.027829769999999997,2404.492128,NA,NA,NA,NA,NA,2404.492128
M02-061-5,SAN CLEMENTE,NA,0,0,0,0,0,NA,NA,NA,NA,NA,0
M02-061-7,SAN CLEMENTE,NA,0.5,NA,0.345,0.345,29808,NA,NA,NA,NA,NA,29808
M02-086-1,SAN CLEMENTE,NA,3.71e-4,0,2.5599e-4,0,0,NA,NA,NA,NA,NA,0
M02-102-1,SAN CLEMENTE,NA,0.044,NA,0.030359999999999995,0.030359999999999995,2623.1039999999994,NA,NA,NA,NA,NA,2623.1039999999994
M02-142-1,SAN CLEMENTE,NA,0,NA,0,0,0,NA,NA,NA,NA,NA,0
SC01-077-1,SAN CLEMENTE,NA,0.057989,0.05519999999999999,0.04001241,0.05519999999999999,4769.279999999999,NA,NA,NA,NA,NA,4769.279999999999
SC01-077-2,SAN CLEMENTE,NA,0.0075,NA,0.005174999999999999,0.005174999999999999,447.1199999999999,NA,NA,NA,NA,NA,447.1199999999999
SC02-072-1,SAN CLEMENTE,NA,0,NA,0,0,0,NA,NA,NA,NA,NA,0
SC02-072-4,SAN CLEMENTE,NA,NA,NA,NA,NA,NA,NA,NA,NA,NA,NA,NA
SC03-067-1,SAN CLEMENTE,NA,0,0,0,0,0,NA,NA,NA,NA,NA,0
SC05-073-1,SAN CLEMENTE,NA,0.006985,0,0.00481965,0,0,NA,NA,NA,NA,NA,0
SC05-073-3,SAN CLEMENTE,NA,0.003033,0,0.00209277,0,0,NA,NA,NA,NA,NA,0
SC06-146-1 (M00P02),SAN CLEMENTE,NA,0.003017,NA,0.00208173,0.00208173,179.861472,NA,NA,NA,NA,NA,179.861472
SC06-146-2 (M00P02),SAN CLEMENTE,NA,0.055256,0.029006219999999996,0.038126639999999996,0.029006219999999996,2506.1374079999996,NA,NA,NA,NA,NA,2506.1374079999996
SC07-079-4,SAN CLEMENTE,NA,0.029587,0.07510684499999999,0.020415029999999997,0.07510684499999999,6489.231407999998,NA,NA,NA,NA,NA,6489.231407999998
SC07-079-5,SAN CLEMENTE,NA,0.201763,0.41164778999999996,0.13921646999999998,0.41164778999999996,35566.369055999996,NA,NA,NA,NA,NA,35566.369055999996
SC10-075-1 (M00P05),DANA POINT,NA,0.006323,NA,0.00436287,0.00436287,376.95196799999997,NA,NA,NA,NA,NA,376.95196799999997
SC10-075-3 (M00S01),DANA POINT,NA,0.36,0.012,0.24839999999999998,0.012,1036.8,NA,NA,NA,NA,NA,1036.8
SC11-035-1d,DANA POINT,NA,0,0,0,0,0,NA,NA,NA,NA,NA,0
SC11-035-2d,DANA POINT,NA,0,0,0,0,0,NA,NA,NA,NA,NA,0
SC11-035-3d,DANA POINT,NA,0,0,0,0,0,NA,NA,NA,NA,NA,0
SC12-068-2,SAN CLEMENTE,NA,0.008401,0,0.00579669,0,0,NA,NA,NA,NA,NA,0
SC12-068-4,SAN CLEMENTE,NA,0.0089,0,0.006141,0,0,NA,NA,NA,NA,NA,0
SM01-086-1 (M03P01),SAN CLEMENTE,NA,NA,NA,NA,NA,NA,NA,NA,NA,NA,NA,NA
SM01-086-2,SAN CLEMENTE,NA,0.02,NA,0.0138,0.0138,1192.32,NA,NA,NA,NA,NA,1192.32
L04-232-1,NA,NA,NA,0.03644028,NA,0.03644028,3148.4401919999996,NA,NA,NA,NA,NA,3148.4401919999996
SC12-068-1,NA,NA,NA,0.12284414999999999,NA,0.12284414999999999,10613.734559999999,NA,NA,NA,NA,NA,10613.734559999999
K01-12156-4,NA,NA,NA,2.6726936099999996,NA,2.6726936099999996,230920.72790399997,NA,NA,NA,NA,NA,230920.72790399997
J01-10006-3,NA,NA,NA,0.14185434,NA,0.14185434,12256.214976,NA,NA,NA,NA,NA,12256.214976
I01-11195-1,NA,NA,NA,0,NA,0,0,NA,NA,NA,NA,NA,0
L03-073-3,NA,NA,NA,NA,NA,NA,NA,NA,0.029928076927185167,NA,2585.7858465087984,NA,2585.7858465087984
